date,total_revenue,new_customer_revenue,repeat_customer_revenue,new_revenue_share,repeat_revenue_share,Meta_Spend,Google_Spend,Other_Spend,total_media_spend,MER,Promos,BFCM_promo,Price_Hike,revenue_change,revenue_robust_z,anomaly
2024-08-04,742902.45,346681.09,396221.36,0.4666576210645153,0.5333423789354848,95191.700005,55959.845949999995,35246.95,186398.49595500002,3.9855603243673707,0,0,0,,,Normal
2024-08-11,797136.14,365643.18,431492.96,0.45869602650307634,0.5413039734969236,102692.620015,61318.300670000004,37014.29,201025.21068499997,3.9653540831208813,0,0,0,54233.69000000006,,Normal
2024-08-18,815384.22,391852.09,423532.13,0.4805735509573634,0.5194264490426367,134761.129996,56920.05666999999,36834.31,228515.49666600005,3.5681791033707078,0,0,0,18248.079999999958,,Normal
2024-08-25,1205565.69,484565.51,721000.18,0.4019403621216195,0.5980596378783807,161926.06001000002,56531.04987,30334.01,248791.11988000004,4.845694213609726,1,0,0,390181.47,,Normal
2024-09-01,1271611.65,524193.23,747418.42,0.4122274516752029,0.5877725483247972,133772.915584,51374.66315,27614.600801,212762.17953499997,5.976680878054346,1,0,0,66045.95999999996,1.5733064470232219,Normal
2024-09-08,616464.55,285216.17,331248.38,0.4626643494747589,0.537335650525241,72646.850018,41849.051309999995,27558.906359,142054.807687,4.339624684567541,0,0,0,-655147.0999999999,0.0,Normal
2024-09-15,516236.91,244432.86,271804.05,0.4734897006880039,0.5265102993119961,48172.160001000004,40740.40799,27636.69991,116549.267901,4.429344939673968,0,0,0,-100227.64000000007,0.0,Normal
2024-09-22,428624.78,192548.67,236076.11,0.4492243075633658,0.5507756924366342,21649.970006,34663.99933,27430.220512,83744.189848,5.118262900124487,0,0,0,-87612.12999999995,-0.621755351171833,Normal
2024-09-29,452994.64,187270.26,265724.38,0.41340502395348433,0.5865949760465157,37021.720002,36923.14796,24939.641787,98884.509749,4.581047538687737,1,0,0,24369.859999999986,0.22784236996869892,Normal
2024-10-06,446319.22,199743.81,246575.41,0.44753575703058457,0.5524642429694155,32872.050014,30077.573660000002,24046.521407,86996.145081,5.130333299072539,1,0,0,-6675.420000000042,0.2036265904091543,Normal
2024-10-13,426557.44,185027.64,241529.8,0.43376957626152296,0.566230423738477,35366.090005000005,34206.741140000006,24911.888834999998,94484.71998000001,4.5145653190303285,1,0,0,-19761.77999999997,-0.05721907429915552,Normal
2024-10-20,441736.71,191195.87,250540.84,0.4328276678657746,0.5671723321342254,36040.560002,33852.29977,22019.682361,91912.54213300001,4.80605475323264,0,0,0,15179.270000000019,0.5180918730498988,Normal
2024-10-27,388102.33,182243.42,205858.91,0.46957569154506235,0.5304243084549376,90175.21001000001,27739.9478,20724.529919,138639.68772900003,2.7993595222071357,0,0,0,-53634.380000000005,-1.1059926418448396,Normal
2024-11-03,403105.23,165241.6,237863.63,0.40992174673595777,0.5900782532640423,27587.920012000002,28220.907659999997,21491.674922000002,77300.502594,5.214781488772476,0,0,0,15002.899999999965,-0.6745,Normal
2024-11-10,364607.21,153898.06,210709.15,0.4220927501680507,0.5779072498319492,24310.390005,27210.60728,22778.087282,74299.084567,4.907290744224602,0,0,0,-38498.01999999996,-1.0866027983017081,Normal
2024-11-17,415920.93,173734.04,242186.89,0.41770929873618046,0.5822907012638195,24420.600003,32359.6994,29872.467419,86652.766822,4.799857468537325,0,0,0,51313.71999999997,-0.22575984039829144,Normal
2024-11-24,2628220.19,930143.53,1698076.66,0.35390624177497093,0.646093758225029,286370.63002,142820.0793,55502.63,484693.3393199999,5.422439255483186,1,1,0,2212299.26,8.937602048658375,Anomaly
2024-12-01,2264382.67,879384.51,1384998.16,0.38835507869347896,0.611644921306521,229234.85001,115095.49751,42247.26,386577.60751999996,5.857511211077713,1,1,0,-363837.52,7.467712769695826,Anomaly
2024-12-08,1122335.22,545372.89,576962.33,0.48592691406405303,0.514073085935947,53151.619991,98282.98284999999,38307.27,189741.872841,5.915063465935614,1,0,0,-1142047.45,2.853885963649218,Normal
2024-12-15,614972.26,363855.48,251116.78,0.5916616141352457,0.4083383858647543,26399.410004999998,23283.322366,23099.679391,72782.41176200002,8.449462515902495,0,0,0,-507362.95999999996,0.8041595488289295,Normal
2024-12-22,248963.86,126279.49,122684.37,0.5072201644045847,0.4927798355954153,21040.550014,15566.679662999999,10640.104329999998,47247.334007,5.2693737166866255,0,0,0,-366008.4,-0.6745,Normal
2024-12-29,299810.91,136258.66,163552.25,0.4544819933337316,0.5455180066662685,16547.180026,14321.984209,12131.677794,43000.842029,6.972210213879205,0,0,0,50847.04999999999,-0.6065382532251423,Normal
2025-01-05,291250.0,137611.47,153638.53,0.4724857339055794,0.5275142660944206,21268.71,15955.744922000002,11114.55,48339.004922,6.025155057907421,1,0,0,-8560.909999999974,-0.7500767636350973,Normal
2025-01-12,376214.47,171781.07,204433.4,0.45660410137866314,0.543395898621337,23332.680022,21834.04711,11710.9,56877.627131999994,6.614454381630444,1,0,0,84964.46999999997,0.0,Normal
2025-01-19,364420.97,153894.05,210526.92,0.4222974599952357,0.5777025400047644,25047.430014,22222.042559999998,11045.85,58315.322574,6.249146089135719,0,0,0,-11793.5,-0.20465939651750134,Normal
2025-01-26,384756.77,167936.6,216820.17,0.4364747110232784,0.5635252889767216,23443.62001,26045.486660000002,12086.3,61575.406670000004,6.248546145411921,0,0,0,20335.800000000047,0.0,Normal
2025-02-02,415082.54,217825.97,197256.57,0.5247774816064295,0.4752225183935706,30639.210001,28530.988552,12575.880000000001,71746.078553,5.785438707892191,1,0,0,30325.76999999996,0.23219903543640838,Normal
2025-02-09,467259.35,213734.57,253524.78,0.4574217080942308,0.5425782919057692,33146.340001000004,30559.223915,17137.35,80842.91391599999,5.779842998800202,1,0,0,52176.81,0.6946736618111122,Normal
2025-02-16,402108.48,192771.93,209336.55,0.47940279697657706,0.5205972030234229,34039.130011,29637.223167999997,24013.59,87689.94317900001,4.585571223135391,0,0,0,-65150.869999999995,-0.5326410618310363,Normal
2025-02-23,547024.14,250307.7,296716.44,0.45758072029508606,0.5424192797049139,38549.170001000006,36133.3784,30649.059999999998,105331.608401,5.193352197922069,1,0,0,144915.66000000003,0.0,Normal
2025-03-02,650346.04,304130.46,346215.58,0.46764405607820725,0.5323559439217928,40810.130012,38587.961240000004,24694.120000000003,104092.21125200001,6.247787727609682,1,0,0,103321.90000000002,0.0,Normal
2025-03-09,1061295.1,459172.29,602122.81,0.4326527937422871,0.5673472062577128,44571.920001,36599.731905,33515.28,114686.93190600001,9.25384507512906,1,0,0,410949.06000000006,1.4746700242385578,Normal
2025-03-16,1044805.55,405704.74,639100.81,0.3883064556845051,0.6116935443154949,48243.360001999994,37294.322185,36057.84,121595.52218700001,8.59246731465332,1,0,0,-16489.550000000047,2.672409086935148,Normal
2025-03-23,734663.15,361303.37,373359.78,0.4917946000149864,0.5082053999850136,44125.410001000004,39700.564572,33946.65,117772.62457300002,6.237978924759611,1,0,0,-310142.4,0.0,Normal
2025-03-30,708424.01,360354.83,348069.18,0.5086711135044675,0.4913288864955325,65089.21,30182.114292,33782.05,129053.37429200001,5.489387735008763,0,0,0,-26239.140000000014,-0.36908143572984975,Normal
2025-04-06,729841.16,348264.09,381577.07,0.4771779245774519,0.5228220754225481,78871.459998,30727.691356000003,31427.890000000003,141027.04135400002,5.175185928831792,1,0,0,21417.150000000023,-0.8528190443800981,Normal
2025-04-13,778197.72,376087.57,402110.15,0.48328022600734427,0.5167197739926558,84637.04000000001,38057.93658,24763.49,147458.46658000004,5.277402770072938,1,0,0,48356.55999999994,-0.6745,Normal
2025-04-20,905709.87,397579.7,508130.17,0.4389702631815197,0.5610297368184802,80436.889998,37452.505126000004,31781.559999999998,149670.955124,6.05134021660805,1,0,0,127512.15000000002,0.0,Normal
2025-04-27,941534.53,453474.89,488059.64,0.48163383875044924,0.5183661612495508,93071.57001000001,44489.575259,31524.839999999997,169085.98526900003,5.568377110037278,1,0,0,35824.66000000003,0.0,Normal
2025-05-04,976186.93,466129.15,510057.78,0.47749988826422823,0.5225001117357717,94085.60000800001,46207.690179,28944.100000000002,169237.39018700004,5.768151641439019,1,0,0,34652.40000000002,0.10323241882299834,Normal
2025-05-11,960825.34,443880.88,516944.46,0.46197874006944906,0.5380212599305509,97894.57,49132.964611999996,28941.06,175968.59461200002,5.460209204480839,1,0,0,-15361.590000000084,-0.14701794392388173,Normal
2025-05-18,1588352.52,636967.41,951385.11,0.40102395531188506,0.5989760446881149,208211.38,57419.92768,41358.98255,306990.2902299999,5.173950351361249,1,0,0,627527.18,5.036020412473338,Anomaly
2025-05-25,1839443.98,768565.5,1070878.48,0.41782490163141583,0.5821750983685842,155993.070022,99312.22386000001,42171.93000000001,297477.223882,6.183478371875792,1,0,0,251091.45999999996,5.229962196307331,Anomaly
2025-06-01,1061194.9,519222.26,541972.64,0.48928077208060466,0.5107192279193955,116837.07999500001,53833.05820900001,31742.72,202412.85820400002,5.242724742963137,1,0,0,-778249.0800000001,-0.30348415739747325,Normal
2025-06-08,1017933.65,513327.21,504606.44,0.5042835650437532,0.4957164349562469,142515.81001100002,53714.383458000004,34187.45,230417.64346900006,4.417776497818193,0,0,0,-43261.24999999988,-0.6745,Normal
2025-06-15,1143295.36,525975.12,617320.24,0.46005182772717623,0.5399481722728237,143208.74001,57483.989324,34936.36,235629.089334,4.852097689769533,1,0,0,125361.71000000008,-0.40747330365369056,Normal
2025-06-22,1334592.9,619935.86,714657.04,0.46451308110510703,0.5354869188948931,178896.340008,67497.67666,35703.22,282097.23666800006,4.730967647055263,1,0,0,191297.5399999998,0.6745,Normal
2025-06-29,2090099.8,887816.84,1202282.96,0.4247724630182731,0.5752275369817269,319475.81,91871.574,50982.990000000005,462330.37399999995,4.520792743762062,1,0,0,755506.9000000001,5.856186617311304,Anomaly
2025-07-06,2124166.94,946988.11,1177178.83,0.44581623608170834,0.5541837639182917,255877.9,158444.49510000003,56465.94,470788.33509999997,4.511936217682213,1,0,0,34067.1399999999,7.738312008340298,Anomaly
2025-07-13,940803.46,522954.73,417848.73,0.5558597010261845,0.4441402989738154,165783.860002,67780.93082000001,36792.37,270357.160822,3.4798540461793572,1,0,0,-1183363.48,-0.3437175938123951,Normal
2025-07-20,981825.5,500285.65,481539.85,0.5095464010661772,0.49045359893382273,166002.11,69908.44104,45903.14,281813.69104,3.48395245233363,1,0,0,41022.04000000004,0.6382006158378611,Normal
2025-07-27,942688.37,511265.34,431423.03,0.5423481993312382,0.4576518006687619,141651.59998899998,67077.61254,53227.84,261957.05252899995,3.598637108255139,1,0,0,-39137.130000000005,0.0,Normal
2025-08-03,921510.25,488901.52,432608.73,0.5305437676900502,0.4694562323099499,122945.970008,54514.438754,49506.979999999996,226967.38876200002,4.060099801237541,2,0,0,-21178.119999999995,-0.34534696913872115,Normal
2025-08-10,901325.21,438365.77,462959.44,0.4863569388012569,0.5136430611987431,111968.84002,54448.87161,47516.84,213934.55163,4.2130885503658275,1,0,0,-20185.040000000037,-0.6491164170528811,Normal
2025-08-17,878142.9,414385.16,463757.74,0.47188807197552923,0.5281119280244707,116147.269997,51983.75121,33525.07,201656.091207,4.354655962752875,3,0,0,-23182.30999999994,-0.4849731630889366,Normal
2025-08-24,1061766.7,434956.02,626810.68,0.40965309987589554,0.5903469001241045,141066.07001899998,59742.95697,30234.92,231043.94698899996,4.595518358464292,3,0,0,183623.79999999993,0.6745,Normal
2025-08-31,1232116.48,483060.99,749055.49,0.3920578921239654,0.6079421078760345,111226.890019,91317.66171,19731.36,222275.91172899998,5.543184911112649,3,0,0,170349.78000000003,0.7398814756043358,Normal
2025-09-07,555449.08,260536.5,294912.58,0.4690555973195599,0.5309444026804402,46705.420020000005,30434.646819999998,11675.23,88815.29684000001,6.253979885927046,2,0,0,-676667.4,0.0,Normal
2025-09-14,542197.1,290518.61,251678.49,0.5358173439142334,0.4641826560857666,35995.12001,18869.806156000002,11769.46,66634.386166,8.136896446367423,3,0,0,-13251.979999999981,-0.06498160480799636,Normal
2025-09-21,552883.52,268174.29,284709.23,0.48504663333065157,0.5149533666693483,40691.020000000004,19627.348217000002,12087.1,72405.46821700002,7.635935981285305,3,0,0,10686.420000000042,0.07190938417730064,Normal
2025-09-28,527535.94,247444.97,280090.97,0.4690580323304608,0.5309419676695393,43211.06001,19439.461862,13402.880000000001,76053.401872,6.93638847198259,2,0,0,-25347.580000000075,0.0,Normal
2025-10-05,441959.97,220770.36,221189.61,0.4995256923381545,0.5004743076618455,37404.91000900001,16747.780998000002,10528.96,64681.651007,6.832849241157589,2,0,0,-85575.96999999997,-0.6745,Normal
2025-10-12,363426.2,182260.71,181165.49,0.5015067983541087,0.4984932016458912,32255.93002,16614.396507999998,8463.57,57333.89652799999,6.338766803029245,4,0,0,-78533.76999999996,-0.6745,Normal
2025-10-19,420959.57,182932.66,238026.91,0.4345611147407814,0.5654388852592186,32913.89001,17779.236675,7683.5599999999995,58376.686685,7.211090486712504,3,0,0,57533.369999999995,-0.14426725397650736,Normal
2025-10-26,396907.23,178668.23,218239.0,0.450151109618235,0.5498488903817651,33265.81,19036.970998999997,9087.060000000001,61389.84099899999,6.465356865909873,3,0,0,-24052.340000000026,-0.6745,Normal
2025-11-02,873421.43,231701.72,641719.71,0.26528055305444015,0.7347194469455598,34058.21,22314.943202000002,14743.18,71116.333202,12.281586953015696,1,0,0,476514.20000000007,9.830233958741125,Anomaly
2025-11-09,427503.8,211289.83,216213.97,0.4942408231225079,0.5057591768774921,32871.28001,22337.999754999997,20495.86,75705.139765,5.6469587312966505,1,0,0,-445917.63000000006,0.0,Normal
2025-11-16,411116.69,217459.34,193657.35,0.5289479733843936,0.4710520266156064,42051.679981999994,24317.338697,29244.989999999998,95614.008679,4.29975372521218,1,0,0,-16387.109999999986,-0.6815554194681522,Normal
2025-11-23,3074890.59,1123766.64,1951123.95,0.36546556929689,0.63453443070311,425656.280011,99394.07276,82934.56,607984.912771,5.057511338539038,6,1,0,2663773.9,5.132613432984786,Anomaly
2025-11-30,1875362.89,843656.17,1031706.72,0.44986289026973336,0.5501371097302666,182699.800001,92409.5086,43817.35,318926.658601,5.880232459169282,4,1,0,-1199527.7,2.517604171159919,Normal
2025-12-07,720515.76,414270.61,306245.15,0.5749639813569102,0.4250360186430898,36414.18998,17998.348437,9552.35,63964.88841700001,11.264238519464186,5,0,0,-1154847.13,1.567210188311933,Normal
2025-12-14,1026711.95,457815.25,568896.7,0.4459042772415379,0.5540957227584621,50767.050003000004,29046.343090000002,14687.09,94500.483093,10.864621178598528,5,0,0,306196.18999999994,3.784346272890282,Anomaly
2025-12-21,301396.55,152632.75,148763.8,0.5064183714113516,0.4935816285886484,27342.050019,28703.89098,7699.41,63745.350999,4.728133821158631,4,0,0,-725315.3999999999,-0.6745,Normal
2025-12-28,313408.25,166931.25,146477.0,0.5326319584758857,0.4673680415241143,22713.199989,27870.005039999996,11736.53,62319.735028999996,5.029036947191094,0,0,0,12011.700000000012,-0.5767309984647105,Normal
2026-01-04,302121.25,135385.0,166736.25,0.44811478835070356,0.5518852116492964,15776.029999,23462.014149999995,2324.41,41562.454149,7.269090725896635,0,0,1,-11287.0,-0.6745,Normal
2026-01-11,389133.75,184577.8,204555.95,0.47432997009383016,0.5256700299061698,23775.510018999998,24011.11787,2099.72,49886.347889,7.800405651378711,0,0,1,87012.5,0.07921004218032954,Normal
2026-01-18,346892.0,147620.75,199271.25,0.42555247742813324,0.5744475225718667,25014.540010999997,22559.89161,2100.0,49674.431620999996,6.983310904222818,0,0,1,-42241.75,-0.2866917670341044,Normal
2026-01-25,379989.3,175262.25,204727.05,0.4612294346182906,0.5387705653817094,24834.730003,21956.03068,14410.03,61200.790683,6.20889527339965,0,0,1,33097.29999999999,-0.07903166587224109,Normal
2026-02-01,472431.6,236278.1,236153.5,0.5001318709417406,0.49986812905825945,24979.340004,25087.85686,5062.87,55130.06686400001,8.569400090978274,0,0,1,92442.29999999999,0.04540856192292011,Normal
2026-02-08,467177.55,208451.4,258726.15,0.4461931015306707,0.5538068984693293,29232.550009,32489.93472,8206.61,69929.094729,6.680732130316835,2,0,1,-5254.049999999988,-0.04254439610386094,Normal
2026-02-15,492458.0,188481.0,303977.0,0.38273517741614516,0.6172648225838548,33307.350013999996,29678.466539999998,16558.510000000002,79544.32655399998,6.190988362516172,2,0,1,25280.45000000001,0.01833966460266817,Normal
2026-02-22,489844.56,215331.75,274512.81,0.4395920003684434,0.5604079996315566,50892.650007,29663.52652,43631.740000000005,124187.916527,3.9443818182866583,1,0,1,-2613.4400000000023,-0.018852257759544515,Normal
2026-03-01,585962.2,274209.52,311752.68,0.4679645205782899,0.5320354794217101,70397.599996,30371.125880000003,52470.44,153239.165876,3.82384096552807,1,0,1,96117.63999999996,0.0,Normal
2026-03-08,712087.08,322825.78,389261.3,0.4533515479595558,0.5466484520404443,61145.300019999995,46150.30722999999,52491.78,159787.38724999997,4.456466134500864,2,0,1,126124.88,0.08030381512729283,Normal
2026-03-15,855798.18,373580.86,482217.32,0.4365291592464008,0.5634708407535991,59947.129994,57777.6192,40174.96000000001,157899.709194,5.419884459372516,1,0,1,143711.1000000001,0.7685488933666383,Normal
2026-03-22,915211.65,411944.7,503266.95,0.450108671584327,0.549891328415673,85676.67000099999,74291.90292999998,34271.75,194240.32293099997,4.711749013746805,2,0,1,59413.46999999997,1.0580009616140988,Normal
2026-03-29,751302.0,345759.94,405542.06,0.46021432127160583,0.5397856787283942,69197.800003,65391.55893,24141.4,158730.758933,4.733184702513288,3,0,1,-163909.65000000002,-0.6417120943485838,Normal
2026-04-05,692664.96,337466.18,355198.78,0.4871997278453352,0.5128002721546648,72723.47000100001,47389.582729999995,28364.670000000002,148477.722731,4.66511034288231,2,0,1,-58637.04000000004,-2.8710924411082273,Normal
2026-04-12,808396.3,376351.26,432045.04,0.4655529224960579,0.534447077503942,84278.109996,55292.268000000004,21670.239999999998,161240.61799600002,5.013602093859839,2,0,1,115731.34000000008,-0.6745,Normal
2026-04-19,868407.8,404625.81,463781.99,0.46593986143376415,0.5340601385662358,121360.310032,80429.22386,34865.39,236654.923892,3.6695108038246746,3,0,1,60011.5,0.013443742356229015,Normal
2026-04-26,843933.52,416073.38,427860.14,0.49301677222158447,0.5069832277784155,115688.760031,111937.18277,48310.73,275936.672801,3.058431891032577,2,0,1,-24474.280000000028,-0.13556865254828965,Normal
2026-05-03,867235.06,385708.76,481526.3,0.4447568805624625,0.5552431194375375,86067.130011,103894.43581,38569.17,228530.735821,3.794828983875825,1,0,1,23301.540000000037,-0.0045009693140272075,Normal
2026-05-10,1081362.21,510316.76,571045.45,0.47192028284398807,0.5280797171560119,104768.070001,102381.35863999999,40515.08,247664.508641,4.366238085278014,1,0,1,214127.1499999999,0.024454427592167607,Normal
2026-05-17,2166122.86,942748.05,1223374.81,0.4352237204126086,0.5647762795873915,318840.92,135796.69538,81041.86,535679.47538,4.043692094910669,2,0,1,1084760.65,3.435810784219027,Anomaly
2026-05-24,2593711.86,1193088.91,1400622.95,0.4599928497840157,0.5400071502159843,199132.47,141049.99561,64582.990000000005,404765.45560999995,6.407937792248497,2,0,1,427589.0,7.172982690943384,Anomaly
2026-05-31,1073870.51,504067.46,569803.05,0.4693931487139916,0.5306068512860085,80104.6,111446.83000000002,27755.018515,219306.44851499997,4.896666364676231,2,0,1,-1519841.3499999999,-0.35771023850654793,Normal
2026-06-07,1223573.6,592639.3,630934.3,0.48435116612519263,0.5156488338748074,153327.51,129627.05000000002,24269.706377000002,307224.266377,3.982672379461499,2,0,1,149703.09000000008,0.0,Normal
2026-06-14,1171970.7,597478.7,574492.0,0.5098068577994314,0.4901931422005687,169508.31,89346.23,20291.88,279146.42,4.1984084911423905,1,0,1,-51602.90000000014,-0.08969239416752112,Normal
2026-06-21,986992.55,562531.5,424461.05,0.5699450314999844,0.4300549685000155,89156.66,58741.91,11035.740000000002,158934.31,6.210065970022458,2,0,1,-184978.1499999999,-0.37082660172056864,Normal
2026-06-28,2074630.32,971093.22,1103537.1,0.4680801252340706,0.5319198747659294,307601.94999999995,105704.54999999999,40877.95,454184.4499999999,4.567814507960368,3,0,1,1087637.77,2.83192346784553,Normal
2026-07-05,1965402.3,968228.14,997174.16,0.49263610813928527,0.5073638918607147,202924.2,105332.73,27785.78,336042.71,5.848668164829405,3,0,1,-109228.02000000002,2.7925783842173875,Normal
2026-07-12,835512.2,434972.25,400539.95,0.5206055040249562,0.47939449597504386,72602.730001,51907.33,9343.897869999999,133853.957871,6.241968584935037,0,0,1,-1129890.1,0.0,Normal
2026-07-19,740631.35,384363.0,356268.35,0.5189666897033187,0.48103331029668134,117589.47000100001,64317.60999999999,15082.149023,196989.229024,3.7597555646545824,0,0,1,-94880.84999999998,-0.4820142430873247,Normal
2026-07-26,818280.25,425621.75,392658.5,0.5201417851646792,0.47985821483532076,144468.430002,98159.9,13045.49,255673.820002,3.200485094616254,2,0,1,77648.90000000002,0.67341705023664,Normal
2026-08-02,750674.25,369821.3,380852.95,0.49265217236371167,0.5073478276362883,121218.12000000001,68555.15999999999,11346.849999999999,201120.12999999998,3.732467008648016,3,0,1,-67606.0,0.08723801689399352,Normal
2026-08-09,709623.33,381389.83,328233.5,0.5374539052993086,0.46254609470069147,75435.20999999999,56792.840000000004,16802.18,149030.22999999998,4.76160662169011,2,0,1,-41050.92000000004,,Normal
2026-08-16,682959.53,348397.71,334561.82,0.5101293630092547,0.48987063699074523,72957.4,54027.700000000004,16298.68,143283.78,4.766481802755344,1,0,1,-26663.79999999993,,Normal
2026-08-23,647094.15,343390.17,303703.98,0.5306649271979973,0.4693350728020026,98491.17,51311.61,20816.61,170619.38999999998,3.7926178847550687,0,0,1,-35865.380000000005,,Normal
2026-08-30,651685.45,318883.75,332801.7,0.4893215737745871,0.5106784262254129,74075.72,56548.96000000001,18749.19,149373.87,4.3627807862245245,2,0,1,4591.29999999993,,Normal
